{"2": 3.215834617614746, "3": 3.3345301151275635, "4": 3.7277109622955322, "5": 3.618929624557495, "6": 3.87638521194458, "7": 3.697650909423828, "8": 3.760282278060913, "9": 3.6845643520355225, "10": 3.796342134475708, "11": 3.999204635620117, "12": 3.491311550140381, "13": 3.9411845207214355, "14": 3.7428934574127197, "15": 4.167631149291992, "16": 3.587947130203247, "17": 3.378488540649414, "18": 3.2187483310699463, "19": 3.669231653213501, "20": 4.1155383586883545}