{"pooled": {"5-100000": {"8": 59.586342334747314, "10": 56.45436072349548}, "8-100000": {"8": 59.178807497024536, "10": 57.59287118911743}, "10-100000": {"8": 60.09785532951355, "10": 57.094820976257324}, "20-100000": {"8": 59.29691696166992, "10": 57.99581050872803}}}