{"pooled": {"5-10000": {"10": 77.31801199913025}, "8-10000": {"8": 84.2930519580841, "10": 79.7224543094635}, "10-10000": {"8": 80.56403303146362, "10": 76.01853609085083}, "20-10000": {"8": 80.88864636421204, "10": 76.059823513031}}}