{"pooled": {"5-10000000": {"10": 374.15438413619995}, "10-10000000": {"10": 376.1461191177368}, "20-10000000": {"10": 379.96558356285095}}}