{"pooled": {"5-1000000": {"6": 93.24841356277466, "10": 84.58493423461914}, "10-1000000": {"6": 76.21617770195007, "10": 68.36711955070496}, "20-1000000": {"6": 75.77957057952881, "10": 65.82442021369934}}}