{"pooled": {"8-20000": {"8": 72.07118773460388, "10": 68.00294184684753}, "10-20000": {"8": 71.73256254196167, "10": 67.93690252304077}, "20-20000": {"8": 71.09410905838013, "10": 68.03583717346191}}}