{"pooled": {"5-2000000": {"6": 118.90663313865662, "10": 112.53299188613892}, "10-2000000": {"6": 74.1862518787384, "10": 71.65218806266785}, "20-2000000": {"6": 71.70393919944763, "10": 69.70134735107422}}}