{"pooled": {"5-200000": {"6": 68.07637929916382, "10": 57.78172755241394}, "10-200000": {"6": 66.26948237419128, "10": 59.32697892189026}, "20-200000": {"6": 67.70030570030212, "10": 56.75558853149414}}}