{"pooled": {"5-5000000": {"6": 144.24566340446472, "10": 142.12059330940247}, "10-5000000": {"6": 142.75389051437378, "10": 144.84996628761292}, "20-5000000": {"6": 143.98029828071594, "10": 143.59677600860596}}}