{"pooled": {"5-500000": {"6": 78.08723616600037, "10": 67.85499024391174}, "10-500000": {"6": 76.23612403869629, "10": 65.77192091941833}, "20-500000": {"6": 76.38218832015991, "10": 67.52514481544495}}}