{"pooled": {"5-50000": {"6": 66.33721876144409, "10": 57.718234062194824}, "10-50000": {"6": 67.53059196472168, "10": 58.00590491294861}, "20-50000": {"6": 67.41966080665588, "10": 58.597426891326904}}}