{"pooled": {"1-10000000": {"10": 783.896648645401}, "1-5000000": {"10": 421.21135449409485}, "1-2000000": {"10": 195.61982011795044}, "1-1000000": {"10": 127.19021892547607}, "1-500000": {"10": 89.5159809589386}, "1-200000": {"10": 71.31147575378418}, "1-100000": {"10": 68.47329378128052}, "1-50000": {"10": 72.33112668991089}, "1-20000": {"10": 83.91652083396912}, "1-10000": {"10": 104.38296031951904}}}