{"pooled": {"5-1000000": {"10": 111.97279787063599}, "10-1000000": {"10": 111.288991689682}, "20-1000000": {"10": 117.27010536193848}}}