{"pooled": {"5-100000": {"10": 111.73710680007935}, "10-100000": {"10": 113.34552311897278}, "20-100000": {"10": 113.9963481426239}}}