{"pooled": {"5-10000000": {"10": 327.26344299316406}, "10-10000000": {"10": 344.5943727493286}, "20-10000000": {"10": 345.075133562088}}}