{"pooled": {"5-10000": {"10": 162.92032885551453}, "10-10000": {"10": 163.48927354812622}, "20-10000": {"10": 160.69756174087524}}}