{"pooled": {"5-2000000": {"10": 126.45610070228577}, "10-2000000": {"10": 120.65323448181152}, "20-2000000": {"10": 115.44894409179688}}}