{"pooled": {"5-200000": {"10": 108.4982476234436}, "10-200000": {"10": 107.99798369407654}, "20-200000": {"10": 108.70719170570374}}}