{"pooled": {"5-20000": {"10": 139.0933051109314}, "10-20000": {"10": 139.7830879688263}, "20-20000": {"10": 140.06668901443481}}}