{"pooled": {"5-5000000": {"10": 179.8442804813385}, "10-5000000": {"10": 182.90873312950134}, "20-5000000": {"10": 180.862366437912}}}