{"pooled": {"5-500000": {"10": 114.83752012252808}, "10-500000": {"10": 112.41693091392517}, "20-500000": {"10": 114.82441806793213}}}