{"pooled": {"5-50000": {"10": 116.81068634986877}, "10-50000": {"10": 118.74210810661316}, "20-50000": {"10": 118.64410638809204}}}