{"pooled": {"1-10000000": {"10": 401.7878794670105}, "1-5000000": {"10": 247.61628675460815}, "1-2000000": {"10": 136.6155834197998}, "1-1000000": {"10": 128.86822509765625}, "1-500000": {"10": 119.29312825202942}, "1-200000": {"10": 107.73873710632324}, "1-100000": {"10": 111.56830334663391}, "1-50000": {"10": 116.43469452857971}, "1-20000": {"10": 130.6786015033722}, "1-10000": {"10": 151.31282234191895}}}