{"pooled": {"5-100000": {"10": 4.559856176376343}, "10-100000": {"10": 4.801810026168823}, "20-100000": {"10": 4.912092685699463}}}