{"pooled": {"5-10000": {"10": 4.312241315841675}, "10-10000": {"10": 4.263812780380249}, "20-10000": {"10": 4.437032222747803}}}