{"pooled": {"5-1000000": {"10": 31.009926080703735}, "10-1000000": {"10": 16.795580863952637}, "20-1000000": {"10": 19.7099666595459}}}