{"pooled": {"5-10000000": {"10": 236.4259397983551}, "10-10000000": {"10": 241.12695288658142}, "20-10000000": {"10": 239.11003613471985}}}