{"pooled": {"5-2000000": {"10": 69.16534399986267}, "10-2000000": {"10": 22.479974031448364}, "20-2000000": {"10": 25.005305528640747}}}