{"pooled": {"5-200000": {"10": 8.348812580108643}, "10-200000": {"10": 7.826722621917725}, "20-200000": {"10": 8.748181343078613}}}