{"pooled": {"5-20000": {"10": 4.165114402770996}, "10-20000": {"10": 4.2464330196380615}, "20-20000": {"10": 4.321546316146851}}}