{"pooled": {"5-5000000": {"10": 59.33712458610535}, "10-5000000": {"10": 59.83701848983765}, "20-5000000": {"10": 64.04004216194153}}}