{"pooled": {"5-50000": {"10": 4.270852088928223}, "10-50000": {"10": 4.399573087692261}, "20-50000": {"10": 4.442779541015625}}}