{"pooled": {"5-500000": {"10": 13.588294267654419}, "10-500000": {"10": 14.730100393295288}, "20-500000": {"10": 13.577032089233398}}}