{"pooled": {"1-10000000": {"10": 347.2403013706207}, "1-5000000": {"10": 207.03218579292297}, "1-2000000": {"10": 91.0840847492218}, "1-1000000": {"10": 50.65699338912964}, "1-500000": {"10": 30.1270432472229}, "1-200000": {"10": 28.803862810134888}, "1-100000": {"10": 25.43975830078125}, "1-50000": {"10": 23.206303596496582}, "1-20000": {"10": 28.251891374588013}, "1-10000": {"10": 37.091471672058105}}}