{"pooled": {"5-100000": {"10": 36.156630754470825}, "10-100000": {"10": 36.280431509017944}, "20-100000": {"10": 36.50398135185242}}}