{"pooled": {"5-100000000": {"10": 42.13969874382019}, "10-100000000": {"10": 35.08142638206482}, "20-100000000": {"10": 35.32361388206482}}}