{"pooled": {"5-1000000": {"10": 24.509275913238525}, "10-1000000": {"10": 24.590389013290405}, "20-1000000": {"10": 25.571749448776245}}}