{"pooled": {"5-10000000": {"10": 26.50403642654419}, "10-10000000": {"10": 25.347848653793335}, "20-10000000": {"10": 25.255815982818604}}}