{"pooled": {"5-200000": {"10": 29.861300230026245}, "10-200000": {"10": 29.981980085372925}, "20-200000": {"10": 29.98070764541626}}}