{"pooled": {"5-20000000": {"10": 29.03625512123108}, "10-20000000": {"10": 25.530899047851562}, "20-20000000": {"10": 25.629804611206055}}}