{"pooled": {"5-2000000": {"10": 23.918898105621338}, "10-2000000": {"10": 24.571106910705566}, "20-2000000": {"10": 25.087183237075806}}}