{"pooled": {"5-5000000": {"10": 23.626928091049194}, "10-5000000": {"10": 23.868873596191406}, "20-5000000": {"10": 29.418392419815063}}}