{"pooled": {"5-500000": {"10": 25.374670028686523}, "10-500000": {"10": 26.162100791931152}, "20-500000": {"10": 26.200430393218994}}}