{"pooled": {"5-50000000": {"10": 27.889756679534912}, "10-50000000": {"10": 25.508189916610718}, "20-50000000": {"10": 25.061431884765625}}}