{"pooled": {"1-100000000": {"10": 50.40859413146973}, "1-50000000": {"10": 36.33567190170288}, "1-20000000": {"10": 27.92403769493103}, "1-10000000": {"10": 25.33155059814453}, "1-5000000": {"10": 25.131354331970215}, "1-2000000": {"10": 23.89924120903015}, "1-1000000": {"10": 24.2045419216156}, "1-500000": {"10": 25.101640701293945}, "1-200000": {"10": 26.95142674446106}, "1-100000": {"10": 32.06765556335449}}}