{"pooled": {"5-100000": {"10": 9.801374197006226}, "10-100000": {"10": 9.951712369918823}, "20-100000": {"10": 9.740557193756104}}}