{"pooled": {"5-10000000": {"10": 158.54145002365112}, "10-10000000": {"10": 155.86672973632812}, "20-10000000": {"10": 155.14280223846436}}}