{"pooled": {"5-1000000": {"10": 24.67326259613037}, "10-1000000": {"10": 16.89851140975952}, "20-1000000": {"10": 7.736313819885254}}}