{"pooled": {"5-10000": {"10": 10.905364751815796}, "10-10000": {"10": 11.172969579696655}, "20-10000": {"10": 11.194896697998047}}}