{"pooled": {"5-2000000": {"10": 54.935508251190186}, "10-2000000": {"10": 9.715582609176636}, "20-2000000": {"10": 10.120725631713867}}}