{"pooled": {"5-20000": {"10": 10.81611943244934}, "10-20000": {"10": 12.279609441757202}, "20-20000": {"10": 12.49979543685913}}}