{"pooled": {"5-200000": {"10": 11.725772857666016}, "10-200000": {"10": 11.56169056892395}, "20-200000": {"10": 11.215366840362549}}}