{"pooled": {"5-500000": {"10": 17.841315031051636}, "10-500000": {"10": 15.62898874282837}, "20-500000": {"10": 14.688823461532593}}}