{"pooled": {"5-5000000": {"10": 38.27173614501953}, "10-5000000": {"10": 38.27537178993225}, "20-5000000": {"10": 37.235843896865845}}}