{"pooled": {"5-50000": {"10": 9.881839990615845}, "10-50000": {"10": 9.837546348571777}, "20-50000": {"10": 9.842431545257568}}}