{"pooled": {"1-10000000": {"10": 364.8952510356903}, "1-5000000": {"10": 200.64360213279724}, "1-2000000": {"10": 85.80904483795166}, "1-1000000": {"10": 46.04414701461792}, "1-500000": {"10": 24.8328115940094}, "1-200000": {"10": 16.558988571166992}, "1-100000": {"10": 14.77250623703003}, "1-50000": {"10": 15.017024040222168}, "1-20000": {"10": 18.50477933883667}, "1-10000": {"10": 24.514816522598267}}}