{"pooled": {"5-100000": {"10": 407.1238052845001}, "10-100000": {"10": 409.36083602905273}, "20-100000": {"10": 409.58839321136475}}}