{"pooled": {"5-10000000": {"10": 323.1458513736725}, "10-10000000": {"10": 308.64892768859863}, "20-10000000": {"10": 300.38180923461914}}}