{"pooled": {"5-100000000": {"10": 673.3793039321899}, "10-100000000": {"10": 548.8986282348633}, "20-100000000": {"10": 548.4562356472015}}}