{"pooled": {"5-1000000": {"10": 283.502569437027}, "10-1000000": {"10": 285.941410779953}, "20-1000000": {"10": 297.18301820755005}}}