{"pooled": {"5-2000000": {"10": 281.9960079193115}, "10-2000000": {"10": 283.4152989387512}, "20-2000000": {"10": 294.34221625328064}}}