{"pooled": {"5-20000000": {"10": 367.7531518936157}, "10-20000000": {"10": 313.4289610385895}, "20-20000000": {"10": 299.93722009658813}}}