{"pooled": {"5-200000": {"10": 340.66354608535767}, "10-200000": {"10": 341.0189380645752}, "20-200000": {"10": 342.33095479011536}}}