{"pooled": {"5-500000": {"10": 290.6411142349243}, "10-500000": {"10": 298.0331869125366}, "20-500000": {"10": 299.6147632598877}}}