{"pooled": {"5-50000000": {"10": 392.7871401309967}, "10-50000000": {"10": 316.5157046318054}, "20-50000000": {"10": 316.26978302001953}}}