{"pooled": {"5-5000000": {"10": 281.1579647064209}, "10-5000000": {"10": 279.5895025730133}, "20-5000000": {"10": 338.45335960388184}}}