{"pooled": {"1-100000000": {"10": 920.3196709156036}, "1-50000000": {"10": 622.455649137497}, "1-20000000": {"10": 391.4796154499054}, "1-10000000": {"10": 314.1516308784485}, "1-5000000": {"10": 314.28740429878235}, "1-2000000": {"10": 284.00834822654724}, "1-1000000": {"10": 284.40748167037964}, "1-500000": {"10": 288.9955081939697}, "1-200000": {"10": 309.6092879772186}, "1-100000": {"10": 366.6456940174103}}}