{"pooled": {"5-100000": {"10": 45.16680574417114}, "10-100000": {"10": 44.9690465927124}, "20-100000": {"10": 45.207794427871704}}}