{"pooled": {"5-100000000": {"10": 235.92205500602722}, "10-100000000": {"10": 192.80196404457092}, "20-100000000": {"10": 191.59200739860535}}}