{"pooled": {"5-10000000": {"10": 54.19793510437012}, "10-10000000": {"10": 47.9466290473938}, "20-10000000": {"10": 44.915428161621094}}}