{"pooled": {"5-1000000": {"10": 36.91520357131958}, "10-1000000": {"10": 37.09153938293457}, "20-1000000": {"10": 39.19367694854736}}}