{"pooled": {"5-2000000": {"10": 40.35004186630249}, "10-2000000": {"10": 38.585651874542236}, "20-2000000": {"10": 40.283687353134155}}}