{"pooled": {"5-20000000": {"10": 68.83183455467224}, "10-20000000": {"10": 52.05239820480347}, "20-20000000": {"10": 41.45487189292908}}}