{"pooled": {"5-200000": {"10": 40.30658769607544}, "10-200000": {"10": 40.042428970336914}, "20-200000": {"10": 40.50510859489441}}}