{"pooled": {"5-50000000": {"10": 111.60214161872864}, "10-50000000": {"10": 61.101073026657104}, "20-50000000": {"10": 61.33077907562256}}}