{"pooled": {"5-500000": {"10": 37.23476314544678}, "10-500000": {"10": 38.06934952735901}, "20-500000": {"10": 37.74967336654663}}}