{"pooled": {"5-5000000": {"10": 41.90745258331299}, "10-5000000": {"10": 38.58846426010132}, "20-5000000": {"10": 43.45024108886719}}}