{"pooled": {"1-100000000": {"10": 410.64978408813477}, "1-50000000": {"10": 258.9381034374237}, "1-20000000": {"10": 111.56575345993042}, "1-10000000": {"10": 61.03940296173096}, "1-5000000": {"10": 60.80565094947815}, "1-2000000": {"10": 43.478574991226196}, "1-1000000": {"10": 40.08324718475342}, "1-500000": {"10": 37.71061873435974}, "1-200000": {"10": 39.007108211517334}, "1-100000": {"10": 42.899818897247314}}}