{"pooled": {"5-10000": {"10": 12.355095624923706}, "10-10000": {"10": 12.500829935073853}, "20-10000": {"10": 12.567302703857422}}}