{"pooled": {"5-10000000": {"10": 146.1688289642334}, "10-10000000": {"10": 146.28600454330444}, "20-10000000": {"10": 147.02529883384705}}}