{"pooled": {"5-1000000": {"10": 26.217355728149414}, "10-1000000": {"10": 16.03813099861145}, "20-1000000": {"10": 9.06009578704834}}}