{"pooled": {"5-20000": {"10": 11.067996978759766}, "10-20000": {"10": 11.469277381896973}, "20-20000": {"10": 11.253244638442993}}}