{"pooled": {"5-2000000": {"10": 40.41035342216492}, "10-2000000": {"10": 9.633921146392822}, "20-2000000": {"10": 8.92364764213562}}}