{"pooled": {"5-200000": {"10": 11.73585557937622}, "10-200000": {"10": 11.226065874099731}, "20-200000": {"10": 10.903435230255127}}}