{"pooled": {"5-5000000": {"10": 35.98874807357788}, "10-5000000": {"10": 35.223803758621216}, "20-5000000": {"10": 35.288464069366455}}}