{"pooled": {"5-500000": {"10": 19.237831354141235}, "10-500000": {"10": 16.367091178894043}, "20-500000": {"10": 14.37893557548523}}}