{"pooled": {"5-50000": {"10": 10.374526023864746}, "10-50000": {"10": 10.577434778213501}, "20-50000": {"10": 10.621433734893799}}}