{"pooled": {"1-10000000": {"10": 393.9962811470032}, "1-5000000": {"10": 205.7936131954193}, "1-2000000": {"10": 85.51327705383301}, "1-1000000": {"10": 46.22088813781738}, "1-500000": {"10": 25.7428457736969}, "1-200000": {"10": 14.773584365844727}, "1-100000": {"10": 14.140822887420654}, "1-50000": {"10": 14.495839595794678}, "1-20000": {"10": 18.579092025756836}, "1-10000": {"10": 25.62747025489807}}}