{"pooled": {"5-100000": {"10": 5.325899600982666}, "10-100000": {"10": 5.310333490371704}, "20-100000": {"10": 5.041048049926758}}}