{"pooled": {"5-1000000": {"10": 12.53779125213623}, "10-1000000": {"10": 6.096637010574341}, "20-1000000": {"10": 5.025351285934448}}}