{"pooled": {"5-10000000": {"10": 146.23270630836487}, "10-10000000": {"10": 151.43318605422974}, "20-10000000": {"10": 149.4845142364502}}}