{"pooled": {"5-10000": {"10": 5.4400763511657715}, "10-10000": {"10": 5.477987766265869}, "20-10000": {"10": 5.723255634307861}}}