{"pooled": {"5-200000": {"10": 6.261098861694336}, "10-200000": {"10": 6.109379053115845}, "20-200000": {"10": 5.50316047668457}}}