{"pooled": {"5-20000": {"10": 5.050928115844727}, "10-20000": {"10": 5.281805515289307}, "20-20000": {"10": 5.094116449356079}}}