{"pooled": {"5-2000000": {"10": 20.628760814666748}, "10-2000000": {"10": 8.786887884140015}, "20-2000000": {"10": 7.773243188858032}}}