{"pooled": {"5-5000000": {"10": 33.85378432273865}, "10-5000000": {"10": 34.16330003738403}, "20-5000000": {"10": 33.87815475463867}}}