{"pooled": {"5-50000": {"10": 5.172265291213989}, "10-50000": {"10": 5.038324594497681}, "20-50000": {"10": 5.315139532089233}}}