{"pooled": {"5-500000": {"10": 10.329893350601196}, "10-500000": {"10": 6.841050148010254}, "20-500000": {"10": 5.211983919143677}}}