{"pooled": {"1-10000000": {"10": 389.9324219226837}, "1-5000000": {"10": 194.36472153663635}, "1-2000000": {"10": 88.93976068496704}, "1-1000000": {"10": 43.76282978057861}, "1-500000": {"10": 22.722678422927856}, "1-200000": {"10": 10.815473079681396}, "1-100000": {"10": 12.54061245918274}, "1-50000": {"10": 10.965768814086914}, "1-20000": {"10": 13.657503604888916}, "1-10000": {"10": 19.44552445411682}}}